<?xml version="1.0" encoding="UTF-8"?>
    <uml:Model xmlns:uml="http://www.omg.org/spec/UML/20090901">
    <uml:State name="s0"/>
<uml:State name="s1"/>
<uml:State name="s2"/>
<uml:State name="s3"/>
<uml:State name="s4"/>
<uml:State name="s5"/>
<uml:State name="s6"/>
<uml:State name="s7"/>
<uml:State name="s8"/>
<uml:State name="s9"/>
<uml:State name="s10"/>
<uml:State name="s11"/>
<uml:State name="s12"/>
<uml:State name="s13"/>
<uml:State name="s14"/>
<uml:State name="s15"/>
<uml:State name="s16"/>
<uml:State name="s17"/>
<uml:State name="s18"/>
<uml:State name="s19"/>
<uml:State name="s20"/>
<uml:State name="s21"/>
<uml:State name="s22"/>
<uml:State name="s23"/>
<uml:State name="s24"/>
<uml:State name="s25"/>
<uml:State name="s26"/>
<uml:State name="s27"/>
<uml:State name="s28"/>
<uml:State name="s29"/>
<uml:State name="s30"/>
<uml:State name="s31"/>
<uml:State name="s32"/>
<uml:State name="s33"/>
<uml:State name="s34"/>
<uml:State name="s35"/>
<uml:State name="s36"/>
<uml:State name="s37"/>
<uml:State name="s38"/>
<uml:State name="s39"/>
<uml:State name="s40"/>
<uml:State name="s41"/>
<uml:State name="s42"/>
<uml:State name="s43"/>
<uml:State name="s44"/>
<uml:State name="s45"/>
<uml:State name="s46"/>
<uml:State name="s47"/>
<uml:State name="s48"/>
<uml:State name="s49"/>
<uml:State name="s50"/>
<uml:State name="s51"/>
<uml:State name="s52"/>
<uml:State name="s53"/>
<uml:State name="s54"/>
<uml:State name="s55"/>
<uml:State name="s56"/>
<uml:State name="s57"/>
<uml:State name="s58"/>
<uml:State name="s59"/>
<uml:State name="s60"/>
<uml:State name="s61"/>
<uml:State name="s62"/>
<uml:State name="s63"/>
<uml:State name="s64"/>
<uml:State name="s65"/>
<uml:State name="s66"/>
<uml:State name="s67"/>
<uml:State name="s68"/>
<uml:State name="s69"/>
<uml:State name="s70"/>
<uml:State name="s71"/>
<uml:State name="s72"/>
<uml:State name="s73"/>
<uml:State name="s74"/>
<uml:State name="s75"/>
<uml:State name="s76"/>
<uml:State name="s77"/>
<uml:State name="s78"/>
<uml:State name="s79"/>
<uml:State name="s80"/>
<uml:State name="s81"/>
<uml:State name="s82"/>
<uml:State name="s83"/>
<uml:State name="s84"/>
<uml:State name="s85"/>
<uml:State name="s86"/>
<uml:State name="s87"/>
<uml:State name="s88"/>
<uml:State name="s89"/>
<uml:State name="s90"/>
<uml:State name="s91"/>
<uml:State name="s92"/>
<uml:State name="s93"/>
<uml:State name="s94"/>
<uml:State name="s95"/>
<uml:State name="s96"/>
<uml:State name="s97"/>
<uml:State name="s98"/>
<uml:State name="s99"/>
<uml:State name="s100"/>
<uml:State name="s101"/>
<uml:State name="s102"/>
<uml:State name="s103"/>
<uml:State name="s104"/>
<uml:State name="s105"/>
<uml:State name="s106"/>
<uml:State name="s107"/>
<uml:State name="s108"/>
<uml:State name="s109"/>
<uml:State name="s110"/>
<uml:State name="s111"/>
<uml:State name="s112"/>
<uml:State name="s113"/>
<uml:State name="s114"/>
<uml:State name="s115"/>
<uml:State name="s116"/>
<uml:State name="s117"/>
<uml:State name="s118"/>
<uml:State name="s119"/>
<uml:State name="s120"/>
<uml:State name="s121"/>
<uml:State name="s122"/>
<uml:State name="s123"/>
<uml:State name="s124"/>
<uml:State name="s125"/>
<uml:State name="s126"/>
<uml:State name="s127"/>
<uml:State name="s128"/>
<uml:State name="s129"/>
<uml:State name="s130"/>
<uml:State name="s131"/>
<uml:State name="s132"/>
<uml:State name="s133"/>
<uml:State name="s134"/>
<uml:State name="s135"/>
<uml:State name="s136"/>
<uml:State name="s137"/>
<uml:State name="s138"/>
<uml:State name="s139"/>
<uml:State name="s140"/>
<uml:State name="s141"/>
<uml:State name="s142"/>
<uml:State name="s143"/>
<uml:State name="s144"/>
<uml:State name="s145"/>
<uml:State name="s146"/>
<uml:State name="s147"/>
<uml:State name="s148"/>
<uml:State name="s149"/>
<uml:State name="s150"/>
<uml:State name="s151"/>
<uml:State name="s152"/>
<uml:State name="s153"/>
<uml:State name="s154"/>
<uml:State name="s155"/>
<uml:State name="s156"/>
<uml:State name="s157"/>
<uml:State name="s158"/>
<uml:State name="s159"/>
<uml:State name="s160"/>
<uml:State name="s161"/>
<uml:State name="s162"/>
<uml:State name="s163"/>
<uml:State name="s164"/>
<uml:State name="s165"/>
<uml:State name="s166"/>
<uml:State name="s167"/>
<uml:State name="s168"/>
<uml:State name="s169"/>
<uml:State name="s170"/>
<uml:State name="s171"/>
<uml:State name="s172"/>
<uml:State name="s173"/>
<uml:State name="s174"/>
<uml:State name="s175"/>
<uml:State name="s176"/>
<uml:State name="s177"/>
<uml:State name="s178"/>
<uml:State name="s179"/>
<uml:State name="s180"/>
<uml:State name="s181"/>
<uml:State name="s182"/>
<uml:State name="s183"/>
<uml:State name="s184"/>
<uml:State name="s185"/>
<uml:State name="s186"/>
<uml:State name="s187"/>
<uml:State name="s188"/>
<uml:State name="s189"/>
<uml:State name="s190"/>
<uml:State name="s191"/>
<uml:State name="s192"/>
<uml:State name="s193"/>
<uml:State name="s194"/>
<uml:State name="s195"/>
<uml:State name="s196"/>
<uml:State name="s197"/>
<uml:State name="s198"/>
<uml:State name="s199"/>
<uml:State name="s200"/>
<uml:State name="s201"/>
<uml:State name="s202"/>
<uml:State name="s203"/>
<uml:State name="s204"/>
<uml:State name="s205"/>
<uml:State name="s206"/>
<uml:State name="s207"/>
<uml:State name="s208"/>
<uml:State name="s209"/>
<uml:State name="s210"/>
<uml:State name="s211"/>
<uml:State name="s212"/>

        <uml:Transition>
            <uml:Source>
                <uml:State name="s68"/>
            </uml:Source>
            <uml:Target>
                <uml:State name="s57"/>
            </uml:Target>
            <uml:Effect name="back"/>
        </uml:Transition>
        <uml:Transition>
            <uml:Source>
                <uml:State name="s10"/>
            </uml:Source>
            <uml:Target>
                <uml:State name="s7"/>
            </uml:Target>
            <uml:Effect name="back"/>
        </uml:Transition>
        <uml:Transition>
            <uml:Source>
                <uml:State name="s4"/>
            </uml:Source>
            <uml:Target>
                <uml:State name="s26"/>
            </uml:Target>
            <uml:Effect name="v.enter"/>
        </uml:Transition>
        <uml:Transition>
            <uml:Source>
                <uml:State name="s48"/>
            </uml:Source>
            <uml:Target>
                <uml:State name="s59"/>
            </uml:Target>
            <uml:Effect name="v.enter"/>
        </uml:Transition>
        <uml:Transition>
            <uml:Source>
                <uml:State name="s4"/>
            </uml:Source>
            <uml:Target>
                <uml:State name="s60"/>
            </uml:Target>
            <uml:Effect name="back"/>
        </uml:Transition>
        <uml:Transition>
            <uml:Source>
                <uml:State name="s6"/>
            </uml:Source>
            <uml:Target>
                <uml:State name="s6"/>
            </uml:Target>
            <uml:Effect name="v.enter"/>
        </uml:Transition>
        <uml:Transition>
            <uml:Source>
                <uml:State name="s15"/>
            </uml:Source>
            <uml:Target>
                <uml:State name="s14"/>
            </uml:Target>
            <uml:Effect name="eo.exit"/>
        </uml:Transition>
        <uml:Transition>
            <uml:Source>
                <uml:State name="s27"/>
            </uml:Source>
            <uml:Target>
                <uml:State name="s35"/>
            </uml:Target>
            <uml:Effect name="confirm"/>
        </uml:Transition>
        <uml:Transition>
            <uml:Source>
                <uml:State name="s31"/>
            </uml:Source>
            <uml:Target>
                <uml:State name="s31"/>
            </uml:Target>
            <uml:Effect name="v.enter"/>
        </uml:Transition>
        <uml:Transition>
            <uml:Source>
                <uml:State name="s5"/>
            </uml:Source>
            <uml:Target>
                <uml:State name="s21"/>
            </uml:Target>
            <uml:Effect name="v.enter"/>
        </uml:Transition>
        <uml:Transition>
            <uml:Source>
                <uml:State name="s9"/>
            </uml:Source>
            <uml:Target>
                <uml:State name="s7"/>
            </uml:Target>
            <uml:Effect name="back"/>
        </uml:Transition>
        <uml:Transition>
            <uml:Source>
                <uml:State name="s13"/>
            </uml:Source>
            <uml:Target>
                <uml:State name="s9"/>
            </uml:Target>
            <uml:Effect name="back"/>
        </uml:Transition>
        <uml:Transition>
            <uml:Source>
                <uml:State name="s34"/>
            </uml:Source>
            <uml:Target>
                <uml:State name="s27"/>
            </uml:Target>
            <uml:Effect name="vote"/>
        </uml:Transition>
        <uml:Transition>
            <uml:Source>
                <uml:State name="s5"/>
            </uml:Source>
            <uml:Target>
                <uml:State name="s23"/>
            </uml:Target>
            <uml:Effect name="back"/>
        </uml:Transition>
        <uml:Transition>
            <uml:Source>
                <uml:State name="s39"/>
            </uml:Source>
            <uml:Target>
                <uml:State name="s44"/>
            </uml:Target>
            <uml:Effect name="vote"/>
        </uml:Transition>
        <uml:Transition>
            <uml:Source>
                <uml:State name="s66"/>
            </uml:Source>
            <uml:Target>
                <uml:State name="s35"/>
            </uml:Target>
            <uml:Effect name="confirm"/>
        </uml:Transition>
        <uml:Transition>
            <uml:Source>
                <uml:State name="s8"/>
            </uml:Source>
            <uml:Target>
                <uml:State name="s8"/>
            </uml:Target>
            <uml:Effect name="eo.exit"/>
        </uml:Transition>
        <uml:Transition>
            <uml:Source>
                <uml:State name="s19"/>
            </uml:Source>
            <uml:Target>
                <uml:State name="s21"/>
            </uml:Target>
            <uml:Effect name="vote"/>
        </uml:Transition>
        <uml:Transition>
            <uml:Source>
                <uml:State name="s3"/>
            </uml:Source>
            <uml:Target>
                <uml:State name="s6"/>
            </uml:Target>
            <uml:Effect name="v.enter"/>
        </uml:Transition>
        <uml:Transition>
            <uml:Source>
                <uml:State name="s64"/>
            </uml:Source>
            <uml:Target>
                <uml:State name="s40"/>
            </uml:Target>
            <uml:Effect name="select"/>
        </uml:Transition>
        <uml:Transition>
            <uml:Source>
                <uml:State name="s30"/>
            </uml:Source>
            <uml:Target>
                <uml:State name="s37"/>
            </uml:Target>
            <uml:Effect name="password"/>
        </uml:Transition>
        <uml:Transition>
            <uml:Source>
                <uml:State name="s57"/>
            </uml:Source>
            <uml:Target>
                <uml:State name="s57"/>
            </uml:Target>
            <uml:Effect name="v.enter"/>
        </uml:Transition>
        <uml:Transition>
            <uml:Source>
                <uml:State name="s20"/>
            </uml:Source>
            <uml:Target>
                <uml:State name="s20"/>
            </uml:Target>
            <uml:Effect name="eo.exit"/>
        </uml:Transition>
        <uml:Transition>
            <uml:Source>
                <uml:State name="s4"/>
            </uml:Source>
            <uml:Target>
                <uml:State name="s3"/>
            </uml:Target>
            <uml:Effect name="vote"/>
        </uml:Transition>
        <uml:Transition>
            <uml:Source>
                <uml:State name="s10"/>
            </uml:Source>
            <uml:Target>
                <uml:State name="s12"/>
            </uml:Target>
            <uml:Effect name="vote"/>
        </uml:Transition>
        <uml:Transition>
            <uml:Source>
                <uml:State name="s20"/>
            </uml:Source>
            <uml:Target>
                <uml:State name="s18"/>
            </uml:Target>
            <uml:Effect name="back"/>
        </uml:Transition>
        <uml:Transition>
            <uml:Source>
                <uml:State name="s33"/>
            </uml:Source>
            <uml:Target>
                <uml:State name="s9"/>
            </uml:Target>
            <uml:Effect name="select"/>
        </uml:Transition>
        <uml:Transition>
            <uml:Source>
                <uml:State name="s47"/>
            </uml:Source>
            <uml:Target>
                <uml:State name="s58"/>
            </uml:Target>
            <uml:Effect name="eo.exit"/>
        </uml:Transition>
        <uml:Transition>
            <uml:Source>
                <uml:State name="s14"/>
            </uml:Source>
            <uml:Target>
                <uml:State name="s14"/>
            </uml:Target>
            <uml:Effect name="eo.exit"/>
        </uml:Transition>
        <uml:Transition>
            <uml:Source>
                <uml:State name="s54"/>
            </uml:Source>
            <uml:Target>
                <uml:State name="s30"/>
            </uml:Target>
            <uml:Effect name="confirm"/>
        </uml:Transition>
        <uml:Transition>
            <uml:Source>
                <uml:State name="s43"/>
            </uml:Source>
            <uml:Target>
                <uml:State name="s43"/>
            </uml:Target>
            <uml:Effect name="v.enter"/>
        </uml:Transition>
        <uml:Transition>
            <uml:Source>
                <uml:State name="s44"/>
            </uml:Source>
            <uml:Target>
                <uml:State name="s54"/>
            </uml:Target>
            <uml:Effect name="v.enter"/>
        </uml:Transition>
        <uml:Transition>
            <uml:Source>
                <uml:State name="s19"/>
            </uml:Source>
            <uml:Target>
                <uml:State name="s19"/>
            </uml:Target>
            <uml:Effect name="v.enter"/>
        </uml:Transition>
        <uml:Transition>
            <uml:Source>
                <uml:State name="s21"/>
            </uml:Source>
            <uml:Target>
                <uml:State name="s5"/>
            </uml:Target>
            <uml:Effect name="eo.exit"/>
        </uml:Transition>
        <uml:Transition>
            <uml:Source>
                <uml:State name="s59"/>
            </uml:Source>
            <uml:Target>
                <uml:State name="s39"/>
            </uml:Target>
            <uml:Effect name="select"/>
        </uml:Transition>
        <uml:Transition>
            <uml:Source>
                <uml:State name="s45"/>
            </uml:Source>
            <uml:Target>
                <uml:State name="s40"/>
            </uml:Target>
            <uml:Effect name="select"/>
        </uml:Transition>
        <uml:Transition>
            <uml:Source>
                <uml:State name="s5"/>
            </uml:Source>
            <uml:Target>
                <uml:State name="s5"/>
            </uml:Target>
            <uml:Effect name="eo.exit"/>
        </uml:Transition>
        <uml:Transition>
            <uml:Source>
                <uml:State name="s53"/>
            </uml:Source>
            <uml:Target>
                <uml:State name="s65"/>
            </uml:Target>
            <uml:Effect name="vote"/>
        </uml:Transition>
        <uml:Transition>
            <uml:Source>
                <uml:State name="s54"/>
            </uml:Source>
            <uml:Target>
                <uml:State name="s66"/>
            </uml:Target>
            <uml:Effect name="eo.exit"/>
        </uml:Transition>
        <uml:Transition>
            <uml:Source>
                <uml:State name="s57"/>
            </uml:Source>
            <uml:Target>
                <uml:State name="s46"/>
            </uml:Target>
            <uml:Effect name="eo.exit"/>
        </uml:Transition>
        <uml:Transition>
            <uml:Source>
                <uml:State name="s69"/>
            </uml:Source>
            <uml:Target>
                <uml:State name="s65"/>
            </uml:Target>
            <uml:Effect name="vote"/>
        </uml:Transition>
        <uml:Transition>
            <uml:Source>
                <uml:State name="s50"/>
            </uml:Source>
            <uml:Target>
                <uml:State name="s40"/>
            </uml:Target>
            <uml:Effect name="select"/>
        </uml:Transition>
        <uml:Transition>
            <uml:Source>
                <uml:State name="s25"/>
            </uml:Source>
            <uml:Target>
                <uml:State name="s9"/>
            </uml:Target>
            <uml:Effect name="select"/>
        </uml:Transition>
        <uml:Transition>
            <uml:Source>
                <uml:State name="s42"/>
            </uml:Source>
            <uml:Target>
                <uml:State name="s42"/>
            </uml:Target>
            <uml:Effect name="eo.exit"/>
        </uml:Transition>
        <uml:Transition>
            <uml:Source>
                <uml:State name="s1"/>
            </uml:Source>
            <uml:Target>
                <uml:State name="s2"/>
            </uml:Target>
            <uml:Effect name="v.enter"/>
        </uml:Transition>
        <uml:Transition>
            <uml:Source>
                <uml:State name="s63"/>
            </uml:Source>
            <uml:Target>
                <uml:State name="s42"/>
            </uml:Target>
            <uml:Effect name="eo.exit"/>
        </uml:Transition>
        <uml:Transition>
            <uml:Source>
                <uml:State name="s55"/>
            </uml:Source>
            <uml:Target>
                <uml:State name="s62"/>
            </uml:Target>
            <uml:Effect name="v.enter"/>
        </uml:Transition>
        <uml:Transition>
            <uml:Source>
                <uml:State name="s23"/>
            </uml:Source>
            <uml:Target>
                <uml:State name="s20"/>
            </uml:Target>
            <uml:Effect name="eo.exit"/>
        </uml:Transition>
        <uml:Transition>
            <uml:Source>
                <uml:State name="s61"/>
            </uml:Source>
            <uml:Target>
                <uml:State name="s40"/>
            </uml:Target>
            <uml:Effect name="select"/>
        </uml:Transition>
        <uml:Transition>
            <uml:Source>
                <uml:State name="s15"/>
            </uml:Source>
            <uml:Target>
                <uml:State name="s4"/>
            </uml:Target>
            <uml:Effect name="select"/>
        </uml:Transition>
        <uml:Transition>
            <uml:Source>
                <uml:State name="s29"/>
            </uml:Source>
            <uml:Target>
                <uml:State name="s29"/>
            </uml:Target>
            <uml:Effect name="eo.exit"/>
        </uml:Transition>
        <uml:Transition>
            <uml:Source>
                <uml:State name="s49"/>
            </uml:Source>
            <uml:Target>
                <uml:State name="s49"/>
            </uml:Target>
            <uml:Effect name="v.enter"/>
        </uml:Transition>
        <uml:Transition>
            <uml:Source>
                <uml:State name="s34"/>
            </uml:Source>
            <uml:Target>
                <uml:State name="s24"/>
            </uml:Target>
            <uml:Effect name="eo.exit"/>
        </uml:Transition>
        <uml:Transition>
            <uml:Source>
                <uml:State name="s14"/>
            </uml:Source>
            <uml:Target>
                <uml:State name="s9"/>
            </uml:Target>
            <uml:Effect name="select"/>
        </uml:Transition>
        <uml:Transition>
            <uml:Source>
                <uml:State name="s58"/>
            </uml:Source>
            <uml:Target>
                <uml:State name="s40"/>
            </uml:Target>
            <uml:Effect name="back"/>
        </uml:Transition>
        <uml:Transition>
            <uml:Source>
                <uml:State name="s9"/>
            </uml:Source>
            <uml:Target>
                <uml:State name="s12"/>
            </uml:Target>
            <uml:Effect name="vote"/>
        </uml:Transition>
        <uml:Transition>
            <uml:Source>
                <uml:State name="s42"/>
            </uml:Source>
            <uml:Target>
                <uml:State name="s50"/>
            </uml:Target>
            <uml:Effect name="back"/>
        </uml:Transition>
        <uml:Transition>
            <uml:Source>
                <uml:State name="s11"/>
            </uml:Source>
            <uml:Target>
                <uml:State name="s32"/>
            </uml:Target>
            <uml:Effect name="vote"/>
        </uml:Transition>
        <uml:Transition>
            <uml:Source>
                <uml:State name="s43"/>
            </uml:Source>
            <uml:Target>
                <uml:State name="s49"/>
            </uml:Target>
            <uml:Effect name="back"/>
        </uml:Transition>
        <uml:Transition>
            <uml:Source>
                <uml:State name="s9"/>
            </uml:Source>
            <uml:Target>
                <uml:State name="s10"/>
            </uml:Target>
            <uml:Effect name="eo.exit"/>
        </uml:Transition>
        <uml:Transition>
            <uml:Source>
                <uml:State name="s22"/>
            </uml:Source>
            <uml:Target>
                <uml:State name="s5"/>
            </uml:Target>
            <uml:Effect name="eo.exit"/>
        </uml:Transition>
        <uml:Transition>
            <uml:Source>
                <uml:State name="s29"/>
            </uml:Source>
            <uml:Target>
                <uml:State name="s35"/>
            </uml:Target>
            <uml:Effect name="confirm"/>
        </uml:Transition>
        <uml:Transition>
            <uml:Source>
                <uml:State name="s46"/>
            </uml:Source>
            <uml:Target>
                <uml:State name="s46"/>
            </uml:Target>
            <uml:Effect name="eo.exit"/>
        </uml:Transition>
        <uml:Transition>
            <uml:Source>
                <uml:State name="s12"/>
            </uml:Source>
            <uml:Target>
                <uml:State name="s13"/>
            </uml:Target>
            <uml:Effect name="eo.exit"/>
        </uml:Transition>
        <uml:Transition>
            <uml:Source>
                <uml:State name="s33"/>
            </uml:Source>
            <uml:Target>
                <uml:State name="s33"/>
            </uml:Target>
            <uml:Effect name="eo.exit"/>
        </uml:Transition>
        <uml:Transition>
            <uml:Source>
                <uml:State name="s15"/>
            </uml:Source>
            <uml:Target>
                <uml:State name="s15"/>
            </uml:Target>
            <uml:Effect name="v.enter"/>
        </uml:Transition>
        <uml:Transition>
            <uml:Source>
                <uml:State name="s60"/>
            </uml:Source>
            <uml:Target>
                <uml:State name="s16"/>
            </uml:Target>
            <uml:Effect name="v.enter"/>
        </uml:Transition>
        <uml:Transition>
            <uml:Source>
                <uml:State name="s62"/>
            </uml:Source>
            <uml:Target>
                <uml:State name="s62"/>
            </uml:Target>
            <uml:Effect name="v.enter"/>
        </uml:Transition>
        <uml:Transition>
            <uml:Source>
                <uml:State name="s69"/>
            </uml:Source>
            <uml:Target>
                <uml:State name="s53"/>
            </uml:Target>
            <uml:Effect name="eo.exit"/>
        </uml:Transition>
        <uml:Transition>
            <uml:Source>
                <uml:State name="s36"/>
            </uml:Source>
            <uml:Target>
                <uml:State name="s36"/>
            </uml:Target>
            <uml:Effect name="eo.exit"/>
        </uml:Transition>
        <uml:Transition>
            <uml:Source>
                <uml:State name="s24"/>
            </uml:Source>
            <uml:Target>
                <uml:State name="s24"/>
            </uml:Target>
            <uml:Effect name="eo.exit"/>
        </uml:Transition>
        <uml:Transition>
            <uml:Source>
                <uml:State name="s23"/>
            </uml:Source>
            <uml:Target>
                <uml:State name="s18"/>
            </uml:Target>
            <uml:Effect name="back"/>
        </uml:Transition>
        <uml:Transition>
            <uml:Source>
                <uml:State name="s7"/>
            </uml:Source>
            <uml:Target>
                <uml:State name="s8"/>
            </uml:Target>
            <uml:Effect name="eo.exit"/>
        </uml:Transition>
        <uml:Transition>
            <uml:Source>
                <uml:State name="s55"/>
            </uml:Source>
            <uml:Target>
                <uml:State name="s63"/>
            </uml:Target>
            <uml:Effect name="back"/>
        </uml:Transition>
        <uml:Transition>
            <uml:Source>
                <uml:State name="s17"/>
            </uml:Source>
            <uml:Target>
                <uml:State name="s16"/>
            </uml:Target>
            <uml:Effect name="v.enter"/>
        </uml:Transition>
        <uml:Transition>
            <uml:Source>
                <uml:State name="s65"/>
            </uml:Source>
            <uml:Target>
                <uml:State name="s35"/>
            </uml:Target>
            <uml:Effect name="confirm"/>
        </uml:Transition>
        <uml:Transition>
            <uml:Source>
                <uml:State name="s2"/>
            </uml:Source>
            <uml:Target>
                <uml:State name="s1"/>
            </uml:Target>
            <uml:Effect name="eo.exit"/>
        </uml:Transition>
        <uml:Transition>
            <uml:Source>
                <uml:State name="s39"/>
            </uml:Source>
            <uml:Target>
                <uml:State name="s41"/>
            </uml:Target>
            <uml:Effect name="back"/>
        </uml:Transition>
        <uml:Transition>
            <uml:Source>
                <uml:State name="s40"/>
            </uml:Source>
            <uml:Target>
                <uml:State name="s46"/>
            </uml:Target>
            <uml:Effect name="eo.exit"/>
        </uml:Transition>
        <uml:Transition>
            <uml:Source>
                <uml:State name="s38"/>
            </uml:Source>
            <uml:Target>
                <uml:State name="s38"/>
            </uml:Target>
            <uml:Effect name="eo.exit"/>
        </uml:Transition>
        <uml:Transition>
            <uml:Source>
                <uml:State name="s50"/>
            </uml:Source>
            <uml:Target>
                <uml:State name="s48"/>
            </uml:Target>
            <uml:Effect name="eo.exit"/>
        </uml:Transition>
        <uml:Transition>
            <uml:Source>
                <uml:State name="s58"/>
            </uml:Source>
            <uml:Target>
                <uml:State name="s68"/>
            </uml:Target>
            <uml:Effect name="v.enter"/>
        </uml:Transition>
        <uml:Transition>
            <uml:Source>
                <uml:State name="s3"/>
            </uml:Source>
            <uml:Target>
                <uml:State name="s5"/>
            </uml:Target>
            <uml:Effect name="eo.exit"/>
        </uml:Transition>
        <uml:Transition>
            <uml:Source>
                <uml:State name="s67"/>
            </uml:Source>
            <uml:Target>
                <uml:State name="s56"/>
            </uml:Target>
            <uml:Effect name="eo.exit"/>
        </uml:Transition>
        <uml:Transition>
            <uml:Source>
                <uml:State name="s14"/>
            </uml:Source>
            <uml:Target>
                <uml:State name="s15"/>
            </uml:Target>
            <uml:Effect name="v.enter"/>
        </uml:Transition>
        <uml:Transition>
            <uml:Source>
                <uml:State name="s7"/>
            </uml:Source>
            <uml:Target>
                <uml:State name="s9"/>
            </uml:Target>
            <uml:Effect name="select"/>
        </uml:Transition>
        <uml:Transition>
            <uml:Source>
                <uml:State name="s11"/>
            </uml:Source>
            <uml:Target>
                <uml:State name="s31"/>
            </uml:Target>
            <uml:Effect name="back"/>
        </uml:Transition>
        <uml:Transition>
            <uml:Source>
                <uml:State name="s38"/>
            </uml:Source>
            <uml:Target>
                <uml:State name="s40"/>
            </uml:Target>
            <uml:Effect name="select"/>
        </uml:Transition>
        <uml:Transition>
            <uml:Source>
                <uml:State name="s56"/>
            </uml:Source>
            <uml:Target>
                <uml:State name="s56"/>
            </uml:Target>
            <uml:Effect name="eo.exit"/>
        </uml:Transition>
        <uml:Transition>
            <uml:Source>
                <uml:State name="s57"/>
            </uml:Source>
            <uml:Target>
                <uml:State name="s67"/>
            </uml:Target>
            <uml:Effect name="back"/>
        </uml:Transition>
        <uml:Transition>
            <uml:Source>
                <uml:State name="s11"/>
            </uml:Source>
            <uml:Target>
                <uml:State name="s11"/>
            </uml:Target>
            <uml:Effect name="v.enter"/>
        </uml:Transition>
        <uml:Transition>
            <uml:Source>
                <uml:State name="s56"/>
            </uml:Source>
            <uml:Target>
                <uml:State name="s40"/>
            </uml:Target>
            <uml:Effect name="select"/>
        </uml:Transition>
        <uml:Transition>
            <uml:Source>
                <uml:State name="s21"/>
            </uml:Source>
            <uml:Target>
                <uml:State name="s21"/>
            </uml:Target>
            <uml:Effect name="v.enter"/>
        </uml:Transition>
        <uml:Transition>
            <uml:Source>
                <uml:State name="s18"/>
            </uml:Source>
            <uml:Target>
                <uml:State name="s9"/>
            </uml:Target>
            <uml:Effect name="select"/>
        </uml:Transition>
        <uml:Transition>
            <uml:Source>
                <uml:State name="s43"/>
            </uml:Source>
            <uml:Target>
                <uml:State name="s53"/>
            </uml:Target>
            <uml:Effect name="eo.exit"/>
        </uml:Transition>
        <uml:Transition>
            <uml:Source>
                <uml:State name="s24"/>
            </uml:Source>
            <uml:Target>
                <uml:State name="s27"/>
            </uml:Target>
            <uml:Effect name="vote"/>
        </uml:Transition>
        <uml:Transition>
            <uml:Source>
                <uml:State name="s24"/>
            </uml:Source>
            <uml:Target>
                <uml:State name="s25"/>
            </uml:Target>
            <uml:Effect name="back"/>
        </uml:Transition>
        <uml:Transition>
            <uml:Source>
                <uml:State name="s56"/>
            </uml:Source>
            <uml:Target>
                <uml:State name="s67"/>
            </uml:Target>
            <uml:Effect name="v.enter"/>
        </uml:Transition>
        <uml:Transition>
            <uml:Source>
                <uml:State name="s13"/>
            </uml:Source>
            <uml:Target>
                <uml:State name="s13"/>
            </uml:Target>
            <uml:Effect name="eo.exit"/>
        </uml:Transition>
        <uml:Transition>
            <uml:Source>
                <uml:State name="s67"/>
            </uml:Source>
            <uml:Target>
                <uml:State name="s39"/>
            </uml:Target>
            <uml:Effect name="select"/>
        </uml:Transition>
        <uml:Transition>
            <uml:Source>
                <uml:State name="s1"/>
            </uml:Source>
            <uml:Target>
                <uml:State name="s1"/>
            </uml:Target>
            <uml:Effect name="eo.exit"/>
        </uml:Transition>
        <uml:Transition>
            <uml:Source>
                <uml:State name="s41"/>
            </uml:Source>
            <uml:Target>
                <uml:State name="s39"/>
            </uml:Target>
            <uml:Effect name="select"/>
        </uml:Transition>
        <uml:Transition>
            <uml:Source>
                <uml:State name="s44"/>
            </uml:Source>
            <uml:Target>
                <uml:State name="s55"/>
            </uml:Target>
            <uml:Effect name="eo.exit"/>
        </uml:Transition>
        <uml:Transition>
            <uml:Source>
                <uml:State name="s23"/>
            </uml:Source>
            <uml:Target>
                <uml:State name="s22"/>
            </uml:Target>
            <uml:Effect name="vote"/>
        </uml:Transition>
        <uml:Transition>
            <uml:Source>
                <uml:State name="s18"/>
            </uml:Source>
            <uml:Target>
                <uml:State name="s14"/>
            </uml:Target>
            <uml:Effect name="eo.exit"/>
        </uml:Transition>
        <uml:Transition>
            <uml:Source>
                <uml:State name="s60"/>
            </uml:Source>
            <uml:Target>
                <uml:State name="s14"/>
            </uml:Target>
            <uml:Effect name="eo.exit"/>
        </uml:Transition>
        <uml:Transition>
            <uml:Source>
                <uml:State name="s12"/>
            </uml:Source>
            <uml:Target>
                <uml:State name="s9"/>
            </uml:Target>
            <uml:Effect name="back"/>
        </uml:Transition>
        <uml:Transition>
            <uml:Source>
                <uml:State name="s32"/>
            </uml:Source>
            <uml:Target>
                <uml:State name="s32"/>
            </uml:Target>
            <uml:Effect name="v.enter"/>
        </uml:Transition>
        <uml:Transition>
            <uml:Source>
                <uml:State name="s31"/>
            </uml:Source>
            <uml:Target>
                <uml:State name="s8"/>
            </uml:Target>
            <uml:Effect name="eo.exit"/>
        </uml:Transition>
        <uml:Transition>
            <uml:Source>
                <uml:State name="s16"/>
            </uml:Source>
            <uml:Target>
                <uml:State name="s4"/>
            </uml:Target>
            <uml:Effect name="select"/>
        </uml:Transition>
        <uml:Transition>
            <uml:Source>
                <uml:State name="s28"/>
            </uml:Source>
            <uml:Target>
                <uml:State name="s28"/>
            </uml:Target>
            <uml:Effect name="v.enter"/>
        </uml:Transition>
        <uml:Transition>
            <uml:Source>
                <uml:State name="s6"/>
            </uml:Source>
            <uml:Target>
                <uml:State name="s29"/>
            </uml:Target>
            <uml:Effect name="eo.exit"/>
        </uml:Transition>
        <uml:Transition>
            <uml:Source>
                <uml:State name="s67"/>
            </uml:Source>
            <uml:Target>
                <uml:State name="s67"/>
            </uml:Target>
            <uml:Effect name="v.enter"/>
        </uml:Transition>
        <uml:Transition>
            <uml:Source>
                <uml:State name="s63"/>
            </uml:Source>
            <uml:Target>
                <uml:State name="s52"/>
            </uml:Target>
            <uml:Effect name="vote"/>
        </uml:Transition>
        <uml:Transition>
            <uml:Source>
                <uml:State name="s41"/>
            </uml:Source>
            <uml:Target>
                <uml:State name="s48"/>
            </uml:Target>
            <uml:Effect name="eo.exit"/>
        </uml:Transition>
        <uml:Transition>
            <uml:Source>
                <uml:State name="s28"/>
            </uml:Source>
            <uml:Target>
                <uml:State name="s33"/>
            </uml:Target>
            <uml:Effect name="eo.exit"/>
        </uml:Transition>
        <uml:Transition>
            <uml:Source>
                <uml:State name="s24"/>
            </uml:Source>
            <uml:Target>
                <uml:State name="s26"/>
            </uml:Target>
            <uml:Effect name="v.enter"/>
        </uml:Transition>
        <uml:Transition>
            <uml:Source>
                <uml:State name="s46"/>
            </uml:Source>
            <uml:Target>
                <uml:State name="s45"/>
            </uml:Target>
            <uml:Effect name="back"/>
        </uml:Transition>
        <uml:Transition>
            <uml:Source>
                <uml:State name="s51"/>
            </uml:Source>
            <uml:Target>
                <uml:State name="s42"/>
            </uml:Target>
            <uml:Effect name="eo.exit"/>
        </uml:Transition>
        <uml:Transition>
            <uml:Source>
                <uml:State name="s26"/>
            </uml:Source>
            <uml:Target>
                <uml:State name="s16"/>
            </uml:Target>
            <uml:Effect name="back"/>
        </uml:Transition>
        <uml:Transition>
            <uml:Source>
                <uml:State name="s60"/>
            </uml:Source>
            <uml:Target>
                <uml:State name="s4"/>
            </uml:Target>
            <uml:Effect name="select"/>
        </uml:Transition>
        <uml:Transition>
            <uml:Source>
                <uml:State name="s42"/>
            </uml:Source>
            <uml:Target>
                <uml:State name="s51"/>
            </uml:Target>
            <uml:Effect name="v.enter"/>
        </uml:Transition>
        <uml:Transition>
            <uml:Source>
                <uml:State name="s31"/>
            </uml:Source>
            <uml:Target>
                <uml:State name="s4"/>
            </uml:Target>
            <uml:Effect name="select"/>
        </uml:Transition>
        <uml:Transition>
            <uml:Source>
                <uml:State name="s48"/>
            </uml:Source>
            <uml:Target>
                <uml:State name="s40"/>
            </uml:Target>
            <uml:Effect name="select"/>
        </uml:Transition>
        <uml:Transition>
            <uml:Source>
                <uml:State name="s52"/>
            </uml:Source>
            <uml:Target>
                <uml:State name="s63"/>
            </uml:Target>
            <uml:Effect name="back"/>
        </uml:Transition>
        <uml:Transition>
            <uml:Source>
                <uml:State name="s35"/>
            </uml:Source>
            <uml:Target>
                <uml:State name="s36"/>
            </uml:Target>
            <uml:Effect name="eo.exit"/>
        </uml:Transition>
        <uml:Transition>
            <uml:Source>
                <uml:State name="s40"/>
            </uml:Source>
            <uml:Target>
                <uml:State name="s47"/>
            </uml:Target>
            <uml:Effect name="vote"/>
        </uml:Transition>
        <uml:Transition>
            <uml:Source>
                <uml:State name="s65"/>
            </uml:Source>
            <uml:Target>
                <uml:State name="s66"/>
            </uml:Target>
            <uml:Effect name="eo.exit"/>
        </uml:Transition>
        <uml:Transition>
            <uml:Source>
                <uml:State name="s33"/>
            </uml:Source>
            <uml:Target>
                <uml:State name="s28"/>
            </uml:Target>
            <uml:Effect name="v.enter"/>
        </uml:Transition>
        <uml:Transition>
            <uml:Source>
                <uml:State name="s43"/>
            </uml:Source>
            <uml:Target>
                <uml:State name="s54"/>
            </uml:Target>
            <uml:Effect name="vote"/>
        </uml:Transition>
        <uml:Transition>
            <uml:Source>
                <uml:State name="s55"/>
            </uml:Source>
            <uml:Target>
                <uml:State name="s55"/>
            </uml:Target>
            <uml:Effect name="eo.exit"/>
        </uml:Transition>
        <uml:Transition>
            <uml:Source>
                <uml:State name="s53"/>
            </uml:Source>
            <uml:Target>
                <uml:State name="s43"/>
            </uml:Target>
            <uml:Effect name="v.enter"/>
        </uml:Transition>
        <uml:Transition>
            <uml:Source>
                <uml:State name="s58"/>
            </uml:Source>
            <uml:Target>
                <uml:State name="s58"/>
            </uml:Target>
            <uml:Effect name="eo.exit"/>
        </uml:Transition>
        <uml:Transition>
            <uml:Source>
                <uml:State name="s29"/>
            </uml:Source>
            <uml:Target>
                <uml:State name="s6"/>
            </uml:Target>
            <uml:Effect name="v.enter"/>
        </uml:Transition>
        <uml:Transition>
            <uml:Source>
                <uml:State name="s57"/>
            </uml:Source>
            <uml:Target>
                <uml:State name="s68"/>
            </uml:Target>
            <uml:Effect name="vote"/>
        </uml:Transition>
        <uml:Transition>
            <uml:Source>
                <uml:State name="s2"/>
            </uml:Source>
            <uml:Target>
                <uml:State name="s28"/>
            </uml:Target>
            <uml:Effect name="password"/>
        </uml:Transition>
        <uml:Transition>
            <uml:Source>
                <uml:State name="s22"/>
            </uml:Source>
            <uml:Target>
                <uml:State name="s23"/>
            </uml:Target>
            <uml:Effect name="back"/>
        </uml:Transition>
        <uml:Transition>
            <uml:Source>
                <uml:State name="s66"/>
            </uml:Source>
            <uml:Target>
                <uml:State name="s54"/>
            </uml:Target>
            <uml:Effect name="v.enter"/>
        </uml:Transition>
        <uml:Transition>
            <uml:Source>
                <uml:State name="s8"/>
            </uml:Source>
            <uml:Target>
                <uml:State name="s31"/>
            </uml:Target>
            <uml:Effect name="v.enter"/>
        </uml:Transition>
        <uml:Transition>
            <uml:Source>
                <uml:State name="s10"/>
            </uml:Source>
            <uml:Target>
                <uml:State name="s10"/>
            </uml:Target>
            <uml:Effect name="eo.exit"/>
        </uml:Transition>
        <uml:Transition>
            <uml:Source>
                <uml:State name="s32"/>
            </uml:Source>
            <uml:Target>
                <uml:State name="s11"/>
            </uml:Target>
            <uml:Effect name="back"/>
        </uml:Transition>
        <uml:Transition>
            <uml:Source>
                <uml:State name="s19"/>
            </uml:Source>
            <uml:Target>
                <uml:State name="s20"/>
            </uml:Target>
            <uml:Effect name="eo.exit"/>
        </uml:Transition>
        <uml:Transition>
            <uml:Source>
                <uml:State name="s66"/>
            </uml:Source>
            <uml:Target>
                <uml:State name="s66"/>
            </uml:Target>
            <uml:Effect name="eo.exit"/>
        </uml:Transition>
        <uml:Transition>
            <uml:Source>
                <uml:State name="s32"/>
            </uml:Source>
            <uml:Target>
                <uml:State name="s13"/>
            </uml:Target>
            <uml:Effect name="eo.exit"/>
        </uml:Transition>
        <uml:Transition>
            <uml:Source>
                <uml:State name="s25"/>
            </uml:Source>
            <uml:Target>
                <uml:State name="s17"/>
            </uml:Target>
            <uml:Effect name="eo.exit"/>
        </uml:Transition>
        <uml:Transition>
            <uml:Source>
                <uml:State name="s54"/>
            </uml:Source>
            <uml:Target>
                <uml:State name="s54"/>
            </uml:Target>
            <uml:Effect name="v.enter"/>
        </uml:Transition>
        <uml:Transition>
            <uml:Source>
                <uml:State name="s17"/>
            </uml:Source>
            <uml:Target>
                <uml:State name="s9"/>
            </uml:Target>
            <uml:Effect name="select"/>
        </uml:Transition>
        <uml:Transition>
            <uml:Source>
                <uml:State name="s69"/>
            </uml:Source>
            <uml:Target>
                <uml:State name="s64"/>
            </uml:Target>
            <uml:Effect name="back"/>
        </uml:Transition>
        <uml:Transition>
            <uml:Source>
                <uml:State name="s45"/>
            </uml:Source>
            <uml:Target>
                <uml:State name="s56"/>
            </uml:Target>
            <uml:Effect name="eo.exit"/>
        </uml:Transition>
        <uml:Transition>
            <uml:Source>
                <uml:State name="s19"/>
            </uml:Source>
            <uml:Target>
                <uml:State name="s15"/>
            </uml:Target>
            <uml:Effect name="back"/>
        </uml:Transition>
        <uml:Transition>
            <uml:Source>
                <uml:State name="s27"/>
            </uml:Source>
            <uml:Target>
                <uml:State name="s34"/>
            </uml:Target>
            <uml:Effect name="back"/>
        </uml:Transition>
        <uml:Transition>
            <uml:Source>
                <uml:State name="s34"/>
            </uml:Source>
            <uml:Target>
                <uml:State name="s25"/>
            </uml:Target>
            <uml:Effect name="back"/>
        </uml:Transition>
        <uml:Transition>
            <uml:Source>
                <uml:State name="s41"/>
            </uml:Source>
            <uml:Target>
                <uml:State name="s49"/>
            </uml:Target>
            <uml:Effect name="v.enter"/>
        </uml:Transition>
        <uml:Transition>
            <uml:Source>
                <uml:State name="s52"/>
            </uml:Source>
            <uml:Target>
                <uml:State name="s55"/>
            </uml:Target>
            <uml:Effect name="eo.exit"/>
        </uml:Transition>
        <uml:Transition>
            <uml:Source>
                <uml:State name="s40"/>
            </uml:Source>
            <uml:Target>
                <uml:State name="s45"/>
            </uml:Target>
            <uml:Effect name="back"/>
        </uml:Transition>
        <uml:Transition>
            <uml:Source>
                <uml:State name="s29"/>
            </uml:Source>
            <uml:Target>
                <uml:State name="s34"/>
            </uml:Target>
            <uml:Effect name="back"/>
        </uml:Transition>
        <uml:Transition>
            <uml:Source>
                <uml:State name="s37"/>
            </uml:Source>
            <uml:Target>
                <uml:State name="s38"/>
            </uml:Target>
            <uml:Effect name="eo.exit"/>
        </uml:Transition>
        <uml:Transition>
            <uml:Source>
                <uml:State name="s61"/>
            </uml:Source>
            <uml:Target>
                <uml:State name="s61"/>
            </uml:Target>
            <uml:Effect name="eo.exit"/>
        </uml:Transition>
        <uml:Transition>
            <uml:Source>
                <uml:State name="s13"/>
            </uml:Source>
            <uml:Target>
                <uml:State name="s32"/>
            </uml:Target>
            <uml:Effect name="v.enter"/>
        </uml:Transition>
        <uml:Transition>
            <uml:Source>
                <uml:State name="s8"/>
            </uml:Source>
            <uml:Target>
                <uml:State name="s9"/>
            </uml:Target>
            <uml:Effect name="select"/>
        </uml:Transition>
        <uml:Transition>
            <uml:Source>
                <uml:State name="s49"/>
            </uml:Source>
            <uml:Target>
                <uml:State name="s61"/>
            </uml:Target>
            <uml:Effect name="eo.exit"/>
        </uml:Transition>
        <uml:Transition>
            <uml:Source>
                <uml:State name="s28"/>
            </uml:Source>
            <uml:Target>
                <uml:State name="s4"/>
            </uml:Target>
            <uml:Effect name="select"/>
        </uml:Transition>
        <uml:Transition>
            <uml:Source>
                <uml:State name="s64"/>
            </uml:Source>
            <uml:Target>
                <uml:State name="s61"/>
            </uml:Target>
            <uml:Effect name="eo.exit"/>
        </uml:Transition>
        <uml:Transition>
            <uml:Source>
                <uml:State name="s26"/>
            </uml:Source>
            <uml:Target>
                <uml:State name="s26"/>
            </uml:Target>
            <uml:Effect name="v.enter"/>
        </uml:Transition>
        <uml:Transition>
            <uml:Source>
                <uml:State name="s0"/>
            </uml:Source>
            <uml:Target>
                <uml:State name="s1"/>
            </uml:Target>
            <uml:Effect name="eo.exit"/>
        </uml:Transition>
        <uml:Transition>
            <uml:Source>
                <uml:State name="s62"/>
            </uml:Source>
            <uml:Target>
                <uml:State name="s55"/>
            </uml:Target>
            <uml:Effect name="eo.exit"/>
        </uml:Transition>
        <uml:Transition>
            <uml:Source>
                <uml:State name="s6"/>
            </uml:Source>
            <uml:Target>
                <uml:State name="s26"/>
            </uml:Target>
            <uml:Effect name="back"/>
        </uml:Transition>
        <uml:Transition>
            <uml:Source>
                <uml:State name="s27"/>
            </uml:Source>
            <uml:Target>
                <uml:State name="s29"/>
            </uml:Target>
            <uml:Effect name="eo.exit"/>
        </uml:Transition>
        <uml:Transition>
            <uml:Source>
                <uml:State name="s39"/>
            </uml:Source>
            <uml:Target>
                <uml:State name="s42"/>
            </uml:Target>
            <uml:Effect name="eo.exit"/>
        </uml:Transition>
        <uml:Transition>
            <uml:Source>
                <uml:State name="s59"/>
            </uml:Source>
            <uml:Target>
                <uml:State name="s59"/>
            </uml:Target>
            <uml:Effect name="v.enter"/>
        </uml:Transition>
        <uml:Transition>
            <uml:Source>
                <uml:State name="s37"/>
            </uml:Source>
            <uml:Target>
                <uml:State name="s37"/>
            </uml:Target>
            <uml:Effect name="v.enter"/>
        </uml:Transition>
        <uml:Transition>
            <uml:Source>
                <uml:State name="s10"/>
            </uml:Source>
            <uml:Target>
                <uml:State name="s11"/>
            </uml:Target>
            <uml:Effect name="v.enter"/>
        </uml:Transition>
        <uml:Transition>
            <uml:Source>
                <uml:State name="s65"/>
            </uml:Source>
            <uml:Target>
                <uml:State name="s69"/>
            </uml:Target>
            <uml:Effect name="back"/>
        </uml:Transition>
        <uml:Transition>
            <uml:Source>
                <uml:State name="s21"/>
            </uml:Source>
            <uml:Target>
                <uml:State name="s19"/>
            </uml:Target>
            <uml:Effect name="back"/>
        </uml:Transition>
        <uml:Transition>
            <uml:Source>
                <uml:State name="s36"/>
            </uml:Source>
            <uml:Target>
                <uml:State name="s30"/>
            </uml:Target>
            <uml:Effect name="v.enter"/>
        </uml:Transition>
        <uml:Transition>
            <uml:Source>
                <uml:State name="s46"/>
            </uml:Source>
            <uml:Target>
                <uml:State name="s47"/>
            </uml:Target>
            <uml:Effect name="vote"/>
        </uml:Transition>
        <uml:Transition>
            <uml:Source>
                <uml:State name="s48"/>
            </uml:Source>
            <uml:Target>
                <uml:State name="s48"/>
            </uml:Target>
            <uml:Effect name="eo.exit"/>
        </uml:Transition>
        <uml:Transition>
            <uml:Source>
                <uml:State name="s20"/>
            </uml:Source>
            <uml:Target>
                <uml:State name="s22"/>
            </uml:Target>
            <uml:Effect name="vote"/>
        </uml:Transition>
        <uml:Transition>
            <uml:Source>
                <uml:State name="s3"/>
            </uml:Source>
            <uml:Target>
                <uml:State name="s4"/>
            </uml:Target>
            <uml:Effect name="back"/>
        </uml:Transition>
        <uml:Transition>
            <uml:Source>
                <uml:State name="s62"/>
            </uml:Source>
            <uml:Target>
                <uml:State name="s51"/>
            </uml:Target>
            <uml:Effect name="back"/>
        </uml:Transition>
        <uml:Transition>
            <uml:Source>
                <uml:State name="s53"/>
            </uml:Source>
            <uml:Target>
                <uml:State name="s53"/>
            </uml:Target>
            <uml:Effect name="eo.exit"/>
        </uml:Transition>
        <uml:Transition>
            <uml:Source>
                <uml:State name="s51"/>
            </uml:Source>
            <uml:Target>
                <uml:State name="s62"/>
            </uml:Target>
            <uml:Effect name="vote"/>
        </uml:Transition>
        <uml:Transition>
            <uml:Source>
                <uml:State name="s63"/>
            </uml:Source>
            <uml:Target>
                <uml:State name="s50"/>
            </uml:Target>
            <uml:Effect name="back"/>
        </uml:Transition>
        <uml:Transition>
            <uml:Source>
                <uml:State name="s42"/>
            </uml:Source>
            <uml:Target>
                <uml:State name="s52"/>
            </uml:Target>
            <uml:Effect name="vote"/>
        </uml:Transition>
        <uml:Transition>
            <uml:Source>
                <uml:State name="s59"/>
            </uml:Source>
            <uml:Target>
                <uml:State name="s48"/>
            </uml:Target>
            <uml:Effect name="eo.exit"/>
        </uml:Transition>
        <uml:Transition>
            <uml:Source>
                <uml:State name="s44"/>
            </uml:Source>
            <uml:Target>
                <uml:State name="s39"/>
            </uml:Target>
            <uml:Effect name="back"/>
        </uml:Transition>
        <uml:Transition>
            <uml:Source>
                <uml:State name="s51"/>
            </uml:Source>
            <uml:Target>
                <uml:State name="s51"/>
            </uml:Target>
            <uml:Effect name="v.enter"/>
        </uml:Transition>
        <uml:Transition>
            <uml:Source>
                <uml:State name="s49"/>
            </uml:Source>
            <uml:Target>
                <uml:State name="s39"/>
            </uml:Target>
            <uml:Effect name="select"/>
        </uml:Transition>
        <uml:Transition>
            <uml:Source>
                <uml:State name="s11"/>
            </uml:Source>
            <uml:Target>
                <uml:State name="s10"/>
            </uml:Target>
            <uml:Effect name="eo.exit"/>
        </uml:Transition>
        <uml:Transition>
            <uml:Source>
                <uml:State name="s61"/>
            </uml:Source>
            <uml:Target>
                <uml:State name="s49"/>
            </uml:Target>
            <uml:Effect name="v.enter"/>
        </uml:Transition>
        <uml:Transition>
            <uml:Source>
                <uml:State name="s26"/>
            </uml:Source>
            <uml:Target>
                <uml:State name="s24"/>
            </uml:Target>
            <uml:Effect name="eo.exit"/>
        </uml:Transition>
        <uml:Transition>
            <uml:Source>
                <uml:State name="s38"/>
            </uml:Source>
            <uml:Target>
                <uml:State name="s37"/>
            </uml:Target>
            <uml:Effect name="v.enter"/>
        </uml:Transition>
        <uml:Transition>
            <uml:Source>
                <uml:State name="s54"/>
            </uml:Source>
            <uml:Target>
                <uml:State name="s43"/>
            </uml:Target>
            <uml:Effect name="back"/>
        </uml:Transition>
        <uml:Transition>
            <uml:Source>
                <uml:State name="s37"/>
            </uml:Source>
            <uml:Target>
                <uml:State name="s39"/>
            </uml:Target>
            <uml:Effect name="select"/>
        </uml:Transition>
        <uml:Transition>
            <uml:Source>
                <uml:State name="s46"/>
            </uml:Source>
            <uml:Target>
                <uml:State name="s57"/>
            </uml:Target>
            <uml:Effect name="v.enter"/>
        </uml:Transition>
        <uml:Transition>
            <uml:Source>
                <uml:State name="s30"/>
            </uml:Source>
            <uml:Target>
                <uml:State name="s30"/>
            </uml:Target>
            <uml:Effect name="v.enter"/>
        </uml:Transition>
        <uml:Transition>
            <uml:Source>
                <uml:State name="s66"/>
            </uml:Source>
            <uml:Target>
                <uml:State name="s69"/>
            </uml:Target>
            <uml:Effect name="back"/>
        </uml:Transition>
        <uml:Transition>
            <uml:Source>
                <uml:State name="s16"/>
            </uml:Source>
            <uml:Target>
                <uml:State name="s17"/>
            </uml:Target>
            <uml:Effect name="eo.exit"/>
        </uml:Transition>
        <uml:Transition>
            <uml:Source>
                <uml:State name="s68"/>
            </uml:Source>
            <uml:Target>
                <uml:State name="s68"/>
            </uml:Target>
            <uml:Effect name="v.enter"/>
        </uml:Transition>
        <uml:Transition>
            <uml:Source>
                <uml:State name="s17"/>
            </uml:Source>
            <uml:Target>
                <uml:State name="s17"/>
            </uml:Target>
            <uml:Effect name="eo.exit"/>
        </uml:Transition>
        <uml:Transition>
            <uml:Source>
                <uml:State name="s2"/>
            </uml:Source>
            <uml:Target>
                <uml:State name="s2"/>
            </uml:Target>
            <uml:Effect name="v.enter"/>
        </uml:Transition>
        <uml:Transition>
            <uml:Source>
                <uml:State name="s53"/>
            </uml:Source>
            <uml:Target>
                <uml:State name="s64"/>
            </uml:Target>
            <uml:Effect name="back"/>
        </uml:Transition>
        <uml:Transition>
            <uml:Source>
                <uml:State name="s20"/>
            </uml:Source>
            <uml:Target>
                <uml:State name="s19"/>
            </uml:Target>
            <uml:Effect name="v.enter"/>
        </uml:Transition>
        <uml:Transition>
            <uml:Source>
                <uml:State name="s0"/>
            </uml:Source>
            <uml:Target>
                <uml:State name="s2"/>
            </uml:Target>
            <uml:Effect name="v.enter"/>
        </uml:Transition>
        <uml:Transition>
            <uml:Source>
                <uml:State name="s30"/>
            </uml:Source>
            <uml:Target>
                <uml:State name="s36"/>
            </uml:Target>
            <uml:Effect name="eo.exit"/>
        </uml:Transition>
        <uml:Transition>
            <uml:Source>
                <uml:State name="s47"/>
            </uml:Source>
            <uml:Target>
                <uml:State name="s40"/>
            </uml:Target>
            <uml:Effect name="back"/>
        </uml:Transition>
        <uml:Transition>
            <uml:Source>
                <uml:State name="s39"/>
            </uml:Source>
            <uml:Target>
                <uml:State name="s43"/>
            </uml:Target>
            <uml:Effect name="v.enter"/>
        </uml:Transition>
        <uml:Transition>
            <uml:Source>
                <uml:State name="s16"/>
            </uml:Source>
            <uml:Target>
                <uml:State name="s16"/>
            </uml:Target>
            <uml:Effect name="v.enter"/>
        </uml:Transition>
        <uml:Transition>
            <uml:Source>
                <uml:State name="s51"/>
            </uml:Source>
            <uml:Target>
                <uml:State name="s59"/>
            </uml:Target>
            <uml:Effect name="back"/>
        </uml:Transition>
        <uml:Transition>
            <uml:Source>
                <uml:State name="s68"/>
            </uml:Source>
            <uml:Target>
                <uml:State name="s58"/>
            </uml:Target>
            <uml:Effect name="eo.exit"/>
        </uml:Transition>
        <uml:Transition>
            <uml:Source>
                <uml:State name="s4"/>
            </uml:Source>
            <uml:Target>
                <uml:State name="s20"/>
            </uml:Target>
            <uml:Effect name="eo.exit"/>
        </uml:Transition>
        <uml:Transition>
            <uml:Source>
                <uml:State name="s6"/>
            </uml:Source>
            <uml:Target>
                <uml:State name="s30"/>
            </uml:Target>
            <uml:Effect name="confirm"/>
        </uml:Transition>
        <uml:Transition>
            <uml:Source>
                <uml:State name="s26"/>
            </uml:Source>
            <uml:Target>
                <uml:State name="s6"/>
            </uml:Target>
            <uml:Effect name="vote"/>
        </uml:Transition>
    </uml:Model>